﻿<?xml version="1.0"?>
<doc>
<assembly>
<name>
ZLmenu
</name>
</assembly>
<members>
<member name="P:WindowsApplication1.My.Resources.Resources.ResourceManager">
	<summary>
  Returns the cached ResourceManager instance used by this class.
</summary>
</member><member name="P:WindowsApplication1.My.Resources.Resources.Culture">
	<summary>
  Overrides the current thread's CurrentUICulture property for all
  resource lookups using this strongly typed resource class.
</summary>
</member><member name="T:WindowsApplication1.My.Resources.Resources">
	<summary>
  A strongly-typed resource class, for looking up localized strings, etc.
</summary>
</member><member name="T:WindowsApplication1.Helpers">
	<summary>
 Flat UI Theme
 Creator: iSynthesis (HF)
 Version: 1.0.4
 Date Created: 17/06/2013
 Date Changed: 26/06/2013
 UID: 374648
 For any bugs / errors, PM me.
 </summary>
	<remarks></remarks>
</member><member name="F:WindowsApplication1.FlatAlertBox.W">
	<summary>
 How to use: FlatAlertBox.ShowControl(Kind, String, Interval)
 </summary>
	<remarks></remarks>
</member><member name="T:WindowsApplication1.DrawHelpers">
	<summary>
 Visual Studio GDI+ Theme
 Creator: Xertz (HF)
 Version: 1.1
 Control Count: 11
 Date Created: 11/5/2014
 Date Changed: 11/6/2014
 UID: 1602992
 Email: xertzstudio@gmail.com
 For any bugs / errors, PM me.
 </summary>
	<remarks></remarks>
</member>
</members>
</doc>