﻿<?xml version="1.0"?>
<doc>
<assembly>
<name>
WPFMetro
</name>
</assembly>
<members>
<member name="M:WPF_Metro.Tile.InitializeComponent">
	<summary>
InitializeComponent
</summary>
</member><member name="T:WPF_Metro.Tile">
	<summary>
Tile
</summary>
</member><member name="M:WPF_Metro.MainWindow.InitializeComponent">
	<summary>
InitializeComponent
</summary>
</member><member name="T:WPF_Metro.MainWindow">
	<summary>
MainWindow
</summary>
</member><member name="M:WPF_Metro.Application.InitializeComponent">
	<summary>
InitializeComponent
</summary>
</member><member name="M:WPF_Metro.Application.Main">
	<summary>
Application Entry Point.
</summary>
</member><member name="T:WPF_Metro.Application">
	<summary>
Application
</summary>
</member><member name="P:WPF_Metro.My.MyWpfExtension.Application">
	<summary>
 Returns the application object for the running application
 </summary>
</member><member name="P:WPF_Metro.My.MyWpfExtension.Computer">
	<summary>
 Returns information about the host computer.
 </summary>
</member><member name="P:WPF_Metro.My.MyWpfExtension.User">
	<summary>
 Returns information for the current user.  If you wish to run the application with the current 
 Windows user credentials, call My.User.InitializeWithWindowsUser().
 </summary>
</member><member name="P:WPF_Metro.My.MyWpfExtension.Log">
	<summary>
 Returns the application log. The listeners can be configured by the application's configuration file.
 </summary>
</member><member name="P:WPF_Metro.My.MyWpfExtension.Windows">
	<summary>
 Returns the collection of Windows defined in the project.
 </summary>
</member><member name="T:WPF_Metro.My.MyWpfExtension">
	<summary>
 Module used to define the properties that are available in the My Namespace for WPF
 </summary>
	<remarks></remarks>
</member><member name="M:WPF_Metro.Metrolizer.WrapPanelLocation(System.String,System.Windows.Controls.WrapPanel)">
	<summary>
 Determines the probable location of a WrapPanel that is added
 to MetroStackPanel (assuming that MetroStackPanel was
 like a Canvas).
 </summary>
	<param name="letter">The alphabetical letter representing a WrapPanel group
 in MetroStackPanel.</param>
	<param name="tileWrapPanel">The WrapPanel that was added to MetroStackPanel.</param>
	<remarks></remarks>
</member><member name="P:WPF_Metro.My.Resources.Resources.ResourceManager">
	<summary>
  Returns the cached ResourceManager instance used by this class.
</summary>
</member><member name="P:WPF_Metro.My.Resources.Resources.Culture">
	<summary>
  Overrides the current thread's CurrentUICulture property for all
  resource lookups using this strongly typed resource class.
</summary>
</member><member name="T:WPF_Metro.My.Resources.Resources">
	<summary>
  A strongly-typed resource class, for looking up localized strings, etc.
</summary>
</member>
</members>
</doc>