<?xml version="1.0" standalone="yes"?>
<config>
	<userdata3>VGFob21h</userdata3>
	<userdata4>VmVyZGFuYQ==</userdata4>
	<userdata5>Tm9ybWFs</userdata5>
	<userdata6>Tm9ybWFs</userdata6>
	<userdata9>RTpcTmV0d29ya1xSZXNvcGhOb3Rlc1xyc24=</userdata9>
	<userdata10>VGFob21h</userdata10>
	<userdata11>Tm9ybWFs</userdata11>
	<userdata21>eHl6W10=</userdata21>
	<listfontsize>10</listfontsize>
	<notefontsize>10</notefontsize>
	<printfontsize>10</printfontsize>
	<enablesync>false</enablesync>
	<autosyncfreq>3</autosyncfreq>
	<enableproxy>false</enableproxy>
	<searchmode>false</searchmode>
	<sorttype>0</sorttype>
	<displaymode>0</displaymode>
	<startminimized>false</startminimized>
	<systray>false</systray>
	<esctominimize>false</esctominimize>
	<alwaysontop>false</alwaysontop>
	<enablemarkdown>true</enablemarkdown>
	<noextramarkdown>false</noextramarkdown>
	<optoutdelete>false</optoutdelete>
	<showmodifydate>true</showmodifydate>
	<autoindent>true</autoindent>
	<tagsupport>true</tagsupport>
	<righttoleft>false</righttoleft>
	<internallink>false</internallink>
	<textformat>false</textformat>
	<lighttrayicon>false</lighttrayicon>
	<hideicons>false</hideicons>
	<hashotkey>false</hashotkey>
	<hotkeyctrl>true</hotkeyctrl>
	<hotkeyshift>false</hotkeyshift>
	<hotkeyalt>false</hotkeyalt>
	<hotkeywin>false</hotkeywin>
	<hotkeykey>82</hotkeykey>
	<hashotnewkey>false</hashotnewkey>
	<hotnewkeyctrl>true</hotnewkeyctrl>
	<hotnewkeyshift>false</hotnewkeyshift>
	<hotnewkeyalt>false</hotnewkeyalt>
	<hotnewkeywin>false</hotnewkeywin>
	<hotnewkeykey>82</hotnewkeykey>
	<hashotsearchkey>false</hashotsearchkey>
	<hotsearchkeyctrl>true</hotsearchkeyctrl>
	<hotsearchkeyshift>false</hotsearchkeyshift>
	<hotsearchkeyalt>false</hotsearchkeyalt>
	<hotsearchkeywin>false</hotsearchkeywin>
	<hotsearchkeykey>82</hotsearchkeykey>
	<hx>42</hx>
	<hy>25</hy>
	<hwidth>1318</hwidth>
	<hheight>686</hheight>
	<hsplit>16</hsplit>
	<vx>-1</vx>
	<vy>-1</vy>
	<vwidth>480</vwidth>
	<vheight>560</vheight>
	<vsplit>40</vsplit>
	<filedatabase>false</filedatabase>
	<fileencode>0</fileencode>
	<fileincludetitle>false</fileincludetitle>
</config>
